{ 
    "categories": [
        { "label": "Logo & Brand Identity", "value": "logo & brand identity" },
        { "label": "Logo Design", "value": "logo design" },
        { "label": "Brand Style Guides", "value": "brand style guides" },
        { "label": "Business Cards & Stationery", "value": "business cards & stationery" },
        { "label": "Fonts & Typography", "value": "fonts & typography" },
        { "label": "Logo Maker Tool", "value": "logo maker tool" },
        { "label": "Art & Illustration", "value": "art & illustration" },
        { "label": "Illustration", "value": "illustration" },
        { "label": "Children's Book Illustration", "value": "children's book illustration" },
        { "label": "Portraits & Caricatures", "value": "portraits & caricatures" },
        { "label": "Cartoons & Comics", "value": "cartoons & comics" },
        { "label": "Pattern Design", "value": "pattern design" },
        { "label": "Tattoo Design", "value": "tattoo design" },
        { "label": "Storyboards", "value": "storyboards" },
        { "label": "NFT Art", "value": "nft art" },
        { "label": "Design Advice", "value": "design advice" },
        { "label": "Web & App Design", "value": "web & app design" },
        { "label": "Website Design", "value": "website design" },
        { "label": "App Design", "value": "app design" },
        { "label": "UX Design", "value": "ux design" },
        { "label": "Landing Page Design", "value": "landing page design" },
        { "label": "Icon Design", "value": "icon design" },
        { "label": "Product & Gaming", "value": "product & gaming" },
        { "label": "Industrial & Product Design", "value": "industrial & product design" },
        { "label": "Character Modeling", "value": "character modeling" },
        { "label": "Game Art", "value": "game art" },
        { "label": "Graphics for Streamers", "value": "graphics for streamers" },
        { "label": "Print Design", "value": "print design" },
        { "label": "Flyer Design", "value": "flyer design" },
        { "label": "Brochure Design", "value": "brochure design" },
        { "label": "Poster Design", "value": "poster design" },
        { "label": "Catalog Design", "value": "catalog design" },
        { "label": "Menu Design", "value": "menu design" },
        { "label": "Visual Design", "value": "visual design" },
        { "label": "Image Editing", "value": "image editing" },
        { "label": "Presentation Design", "value": "presentation design" },
        { "label": "Background Removal", "value": "background removal" },
        { "label": "Infographic Design", "value": "infographic design" },
        { "label": "Vector Tracing", "value": "vector tracing" },
        { "label": "Resume Design", "value": "resume design" },
        { "label": "Marketing Design", "value": "marketing design" },
        { "label": "Social Media Design", "value": "social media design" },
        { "label": "Social Posts & Banners", "value": "social posts & banners" },
        { "label": "Email Design", "value": "email design" },
        { "label": "Web Banners", "value": "web banners" },
        { "label": "Signage Design", "value": "signage design" },
        { "label": "Packaging & Covers", "value": "packaging & covers" },
        { "label": "Packaging & Label Design", "value": "packaging & label design" },
        { "label": "Book Design", "value": "book design" },
        { "label": "Book Covers", "value": "book covers" },
        { "label": "Album Cover Design", "value": "album cover design" },
        { "label": "Architecture & Building Design", "value": "architecture & building design" },
        { "label": "Architecture & Interior Design", "value": "architecture & interior design" },
        { "label": "Landscape Design", "value": "landscape design" },
        { "label": "Building Engineering", "value": "building engineering" },
        { "label": "Fashion & Merchandise", "value": "fashion & merchandise" },
        { "label": "T-Shirts & Merchandise", "value": "t-shirts & merchandise" },
        { "label": "Fashion Design", "value": "fashion design" },
        { "label": "Jewelry Design", "value": "jewelry design" },
        { "label": "3D Design", "value": "3d design" },
        { "label": "3D Architecture", "value": "3d architecture" },
        { "label": "3D Industrial Design", "value": "3d industrial design" },
        { "label": "3D Fashion & Garment", "value": "3d fashion & garment" },
        { "label": "3D Printing Characters", "value": "3d printing characters" },
        { "label": "3D Landscape", "value": "3d landscape" },
        { "label": "3D Game Art", "value": "3d game art" },
        { "label": "3D Jewelry Design", "value": "3d jewelry design" },
        { "label": "Website Development", "value": "website development" },
        { "label": "Business Websites", "value": "business websites" },
        { "label": "E-Commerce Development", "value": "e-commerce development" },
        { "label": "Landing Pages", "value": "landing pages" },
        { "label": "Blogs", "value": "blogs" },
        { "label": "Build a Complete Website", "value": "build a complete website" },
        { "label": "Website Platforms", "value": "website platforms" },
        { "label": "WordPress", "value": "wordpress" },
        { "label": "Shopify", "value": "shopify" },
        { "label": "Wix", "value": "wix" },
        { "label": "Custom Websites", "value": "custom websites" },
        { "label": "GoDaddy", "value": "godaddy" },
        { "label": "Website Maintenance", "value": "website maintenance" },
        { "label": "Website Customization", "value": "website customization" },
        { "label": "Bug Fixes", "value": "bug fixes" },
        { "label": "Backup & Migration", "value": "backup & migration" },
        { "label": "Speed Optimization", "value": "speed optimization" },
        { "label": "Software Development", "value": "software development" },
        { "label": "Web Applications", "value": "web applications" },
        { "label": "Desktop Applications", "value": "desktop applications" },
        { "label": "APIs & Integrations", "value": "apis & integrations" },
        { "label": "Scripting", "value": "scripting" },
        { "label": "Browser Extensions", "value": "browser extensions" },
        { "label": "Software Developers", "value": "software developers" },
        { "label": "Python Developers", "value": "python developers" },
        { "label": "HTML & CSS Developers", "value": "html & css developers" },
        { "label": "JavaScript Developers", "value": "javascript developers" },
        { "label": "Java Developers", "value": "java developers" },
        { "label": "PHP Developers", "value": "php developers" },
        { "label": "QA & Review", "value": "qa & review" },
        { "label": "Software Testing", "value": "software testing" },
        { "label": "Code Review", "value": "code review" },
        { "label": "Design Review", "value": "design review" },
        { "label": "User Testing", "value": "user testing" },
        { "label": "Mobile App Development", "value": "mobile app development" },
        { "label": "Cross-platform Development", "value": "cross-platform development" },
        { "label": "Android App Development", "value": "android app development" },
        { "label": "IOS App Development", "value": "ios app development" },
        { "label": "Website to App", "value": "website to app" },
        { "label": "Mobile App Maintenance", "value": "mobile app maintenance" },
        { "label": "Game Development", "value": "game development" },
        { "label": "PC Games", "value": "pc games" },
        { "label": "Mobile Games", "value": "mobile games" },
        { "label": "Console Games", "value": "console games" },
        { "label": "VR Games", "value": "vr games" },
        { "label": "Game Mods", "value": "game mods" },
        { "label": "Support & Cybersecurity", "value": "support & cybersecurity" },
        { "label": "DevOps & Cloud", "value": "devops & cloud" },
        { "label": "Support & IT", "value": "support & it" },
        { "label": "Cybersecurity", "value": "cybersecurity" },
        { "label": "Convert Files", "value": "convert files" },
        { "label": "AI Development", "value": "ai development" },
        { "label": "AI Integrations", "value": "ai integrations" },
        { "label": "AI Websites", "value": "ai websites" },
        { "label": "AI Agents", "value": "ai agents" },
        { "label": "Chatbots", "value": "chatbots" },
        { "label": "Discord Chatbots", "value": "discord chatbots" },
        { "label": "Telegram Chatbots", "value": "telegram chatbots" },
        { "label": "Chatbot Development", "value": "chatbot development" },
        { "label": "Electronics Engineering", "value": "electronics engineering" },
        { "label": "Development for Streamers", "value": "development for streamers" },
        { "label": "Blockchain & Cryptocurrency", "value": "blockchain & cryptocurrency" },
        { "label": "NFT Development", "value": "nft development" },
        { "label": "Online Coding Lessons", "value": "online coding lessons" },
        { "label": "Search Engine Optimization (SEO)", "value": "search engine optimization (seo)" },
        { "label": "Search Engine Marketing (SEM)", "value": "search engine marketing (sem)" },
        { "label": "Local SEO", "value": "local seo" },
        { "label": "E-Commerce SEO", "value": "e-commerce seo" },
        { "label": "Video SEO", "value": "video seo" },
        { "label": "Social", "value": "social" },
        { "label": "Social Media Marketing", "value": "social media marketing" },
        { "label": "Paid Social Media", "value": "paid social media" },
        { "label": "Influencer Marketing", "value": "influencer marketing" },
        { "label": "Community Management", "value": "community management" },
        { "label": "Methods & Techniques", "value": "methods & techniques" },
        { "label": "Video Marketing", "value": "video marketing" },
        { "label": "E-Commerce Marketing", "value": "e-commerce marketing" },
        { "label": "Email Marketing", "value": "email marketing" },
        { "label": "Guest Posting", "value": "guest posting" },
        { "label": "Affiliate Marketing", "value": "affiliate marketing" },
        { "label": "Display Advertising", "value": "display advertising" },
        { "label": "Public Relations", "value": "public relations" },
        { "label": "Text Message Marketing", "value": "text message marketing" },
        { "label": "Analytics & Strategy", "value": "analytics & strategy" },
        { "label": "Marketing Strategy", "value": "marketing strategy" },
        { "label": "Marketing Advice", "value": "marketing advice" },
        { "label": "Web Analytics", "value": "web analytics" },
        { "label": "Industry & Purpose-Specific", "value": "industry & purpose-specific" },
        { "label": "Music Promotion", "value": "music promotion" },
        { "label": "Podcast Marketing", "value": "podcast marketing" },
        { "label": "Book & eBook Marketing", "value": "book & ebook marketing" },
        { "label": "Mobile App Marketing", "value": "mobile app marketing" },
        { "label": "Miscellaneous", "value": "miscellaneous" },
        { "label": "Crowdfunding", "value": "crowdfunding" },
        { "label": "Editing & Post-Production", "value": "editing & post-production" },
        { "label": "Video Editing", "value": "video editing" },
        { "label": "Visual Effects", "value": "visual effects" },
        { "label": "Video Art", "value": "video art" },
        { "label": "Intro & Outro Videos", "value": "intro & outro videos" },
        { "label": "Video Templates Editing", "value": "video templates editing" },
        { "label": "Subtitles & Captions", "value": "subtitles & captions" },
        { "label": "Find a long-term video editor", "value": "find a long-term video editor" },
        { "label": "Social & Marketing Videos", "value": "social & marketing videos" },
        { "label": "Video Ads & Commercials", "value": "video ads & commercials" },
        { "label": "Social Media Videos", "value": "social media videos" },
        { "label": "UGC Videos ", "value": "ugc videos " },
        { "label": "Music Videos", "value": "music videos" },
        { "label": "Slideshow Videos", "value": "slideshow videos" },
        { "label": "Animation", "value": "animation" },
        { "label": "Character Animation", "value": "character animation" },
        { "label": "Animated GIFs", "value": "animated gifs" },
        { "label": "Animation for Kids", "value": "animation for kids" },
        { "label": "Animation for Streamers", "value": "animation for streamers" },
        { "label": "Rigging", "value": "rigging" },
        { "label": "NFT Animation", "value": "nft animation" },
        { "label": "Motion Graphics", "value": "motion graphics" },
        { "label": "Logo Animation", "value": "logo animation" },
        { "label": "Lottie & Web Animation", "value": "lottie & web animation" },
        { "label": "Text Animation", "value": "text animation" },
        { "label": "Filmed Video Production", "value": "filmed video production" },
        { "label": "Videographers", "value": "videographers" },
        { "label": "Explainer Videos", "value": "explainer videos" },
        { "label": "Animated Explainers", "value": "animated explainers" },
        { "label": "Live Action Explainers", "value": "live action explainers" },
        { "label": "Spokesperson Videos", "value": "spokesperson videos" },
        { "label": "Screencasting Videos", "value": "screencasting videos" },
        { "label": "eLearning Video Production", "value": "elearning video production" },
        { "label": "Crowdfunding Videos", "value": "crowdfunding videos" },
        { "label": "Product Videos", "value": "product videos" },
        { "label": "3D Product Animation", "value": "3d product animation" },
        { "label": "E-Commerce Product Videos", "value": "e-commerce product videos" },
        { "label": "Corporate Videos", "value": "corporate videos" },
        { "label": "App & Website Previews", "value": "app & website previews" },
        { "label": "Article to Video", "value": "article to video" },
        { "label": "Game Trailers", "value": "game trailers" },
        { "label": "Meditation Videos", "value": "meditation videos" },
        { "label": "Real Estate Promos", "value": "real estate promos" },
        { "label": "Book Trailers", "value": "book trailers" },
        { "label": "Video Advice", "value": "video advice" },
        { "label": "AI Video", "value": "ai video" },
        { "label": "AI Music Videos", "value": "ai music videos" },
        { "label": "AI Spokespersons Videos", "value": "ai spokespersons videos" },
        { "label": "Music Production & Writing", "value": "music production & writing" },
        { "label": "Producers & Composers", "value": "producers & composers" },
        { "label": "Singers & Vocalists", "value": "singers & vocalists" },
        { "label": "Session Musicians", "value": "session musicians" },
        { "label": "Songwriters", "value": "songwriters" },
        { "label": "Beat Making", "value": "beat making" },
        { "label": "Jingles & Intros", "value": "jingles & intros" },
        { "label": "Audio Engineering & Post Production", "value": "audio engineering & post production" },
        { "label": "Mixing & Mastering", "value": "mixing & mastering" },
        { "label": "Audio Editing", "value": "audio editing" },
        { "label": "Vocal Tuning", "value": "vocal tuning" },
        { "label": "Voice Over & Narration", "value": "voice over & narration" },
        { "label": "Voice Over", "value": "voice over" },
        { "label": "Female Voice Over", "value": "female voice over" },
        { "label": "Male Voice Over", "value": "male voice over" },
        { "label": "French Voice Over", "value": "french voice over" },
        { "label": "German Voice Over", "value": "german voice over" },
        { "label": "24hr Turnaround", "value": "24hr turnaround" },
        { "label": "Streaming & Audio", "value": "streaming & audio" },
        { "label": "Podcast Production", "value": "podcast production" },
        { "label": "Audiobook Production", "value": "audiobook production" },
        { "label": "Audio Ads Production", "value": "audio ads production" },
        { "label": "DJing", "value": "djing" },
        { "label": "DJ Drops & Tags", "value": "dj drops & tags" },
        { "label": "DJ Mixing", "value": "dj mixing" },
        { "label": "Remixing & Mashups", "value": "remixing & mashups" },
        { "label": "Sound Design", "value": "sound design" },
        { "label": "Synth Presets", "value": "synth presets" },
        { "label": "Meditation Music", "value": "meditation music" },
        { "label": "Audio Logo & Sonic Branding", "value": "audio logo & sonic branding" },
        { "label": "Lessons & Transcriptions", "value": "lessons & transcriptions" },
        { "label": "Online Music Lessons", "value": "online music lessons" },
        { "label": "Music Transcription", "value": "music transcription" },
        { "label": "Music & Audio Advice", "value": "music & audio advice" },
        { "label": "Build your AI app", "value": "build your ai app" },
        { "label": "AI Applications", "value": "ai applications" },
        { "label": "ChatGPT Applications", "value": "chatgpt applications" },
        { "label": "AI Chatbot", "value": "ai chatbot" },
        { "label": "Refine AI with experts", "value": "refine ai with experts" },
        { "label": "Photo Manipulation", "value": "photo manipulation" },
        { "label": "Fact Checking", "value": "fact checking" },
        { "label": "AI Content Editing", "value": "ai content editing" },
        { "label": "Custom Writing Prompts", "value": "custom writing prompts" },
        { "label": "AI Consulting ", "value": "ai consulting " },
        { "label": "AI Artists", "value": "ai artists" },
        { "label": "Midjourney Artists", "value": "midjourney artists" },
        { "label": "DALL-E Artists", "value": "dall-e artists" },
        { "label": "Stable Diffusion Artists", "value": "stable diffusion artists" },
        { "label": "Creative services", "value": "creative services" },
        { "label": "AI Video Art", "value": "ai video art" },
        { "label": "Voice Synthesis & AI", "value": "voice synthesis & ai" },
        { "label": "Generative AI Lessons", "value": "generative ai lessons" },
        { "label": "Data Science & ML", "value": "data science & ml" },
        { "label": "Machine Learning", "value": "machine learning" },
        { "label": "Computer Vision", "value": "computer vision" },
        { "label": "NLP", "value": "nlp" },
        { "label": "Deep Learning", "value": "deep learning" },
        { "label": "Generative Models", "value": "generative models" },
        { "label": "Time Series Analysis", "value": "time series analysis" },
        { "label": "Get your data right", "value": "get your data right" },
        { "label": "Data Annotation", "value": "data annotation" },
        { "label": "Data Analytics", "value": "data analytics" },
        { "label": "Data Visualization", "value": "data visualization" }
    ]
}