{
	"info": {
		"_postman_id": "9c5465a4-7c5f-4c3b-87f4-0738c549851a",
		"name": "ComputeHub",
		"schema": "https://schema.getpostman.com/json/collection/v2.1.0/collection.json",
		"_exporter_id": "27672552"
	},
	"item": [
		{
			"name": "User",
			"item": [
				{
					"name": "Fetch User",
					"request": {
						"auth": {
							"type": "bearer",
							"bearer": [
								{
									"key": "token",
									"value": "{{AccessToken}}",
									"type": "string"
								}
							]
						},
						"method": "GET",
						"header": [],
						"url": {
							"raw": "{{HOST}}/api/users/",
							"host": [
								"{{HOST}}"
							],
							"path": [
								"api",
								"users",
								""
							]
						}
					},
					"response": []
				},
				{
					"name": "Get User",
					"request": {
						"auth": {
							"type": "bearer",
							"bearer": [
								{
									"key": "token",
									"value": "{{AccessToken}}",
									"type": "string"
								}
							]
						},
						"method": "GET",
						"header": [],
						"url": {
							"raw": "{{HOST}}/api/users/:email",
							"host": [
								"{{HOST}}"
							],
							"path": [
								"api",
								"users",
								":email"
							],
							"variable": [
								{
									"key": "email",
									"value": "sakul@gmail.com"
								}
							]
						}
					},
					"response": []
				},
				{
					"name": "Update User",
					"request": {
						"auth": {
							"type": "bearer",
							"bearer": [
								{
									"key": "token",
									"value": "{{AccessToken}}",
									"type": "string"
								}
							]
						},
						"method": "PUT",
						"header": [],
						"body": {
							"mode": "urlencoded",
							"urlencoded": [
								{
									"key": "display_name",
									"value": "Ryks",
									"type": "text"
								},
								{
									"key": "address",
									"value": "Ngagel",
									"type": "text"
								},
								{
									"key": "phone_number",
									"value": "08123213213",
									"type": "text"
								}
							]
						},
						"url": {
							"raw": "{{HOST}}/api/users/update/:email",
							"host": [
								"{{HOST}}"
							],
							"path": [
								"api",
								"users",
								"update",
								":email"
							],
							"variable": [
								{
									"key": "email",
									"value": "ryk@gmail.com"
								}
							]
						}
					},
					"response": []
				},
				{
					"name": "Delete User",
					"request": {
						"auth": {
							"type": "bearer",
							"bearer": [
								{
									"key": "token",
									"value": "{{AccessToken}}",
									"type": "string"
								}
							]
						},
						"method": "DELETE",
						"header": [],
						"url": {
							"raw": "{{HOST}}/api/users/delete/:email",
							"host": [
								"{{HOST}}"
							],
							"path": [
								"api",
								"users",
								"delete",
								":email"
							],
							"variable": [
								{
									"key": "email",
									"value": "sakul@gmail.com"
								}
							]
						}
					},
					"response": []
				}
			]
		},
		{
			"name": "Item",
			"item": [
				{
					"name": "Add Item",
					"request": {
						"auth": {
							"type": "bearer",
							"bearer": [
								{
									"key": "token",
									"value": "{{AccessToken}}",
									"type": "string"
								}
							]
						},
						"method": "POST",
						"header": [],
						"body": {
							"mode": "urlencoded",
							"urlencoded": [
								{
									"key": "name",
									"value": "RTX 3060",
									"type": "text"
								},
								{
									"key": "description",
									"value": "This is GPU Card",
									"type": "text"
								},
								{
									"key": "price",
									"value": "3000000",
									"type": "text"
								},
								{
									"key": "stock",
									"value": "2",
									"type": "text"
								},
								{
									"key": "category",
									"value": "GPU",
									"type": "text"
								},
								{
									"key": "brand",
									"value": "MSI",
									"type": "text"
								}
							]
						},
						"url": {
							"raw": "{{HOST}}/api/items/add",
							"host": [
								"{{HOST}}"
							],
							"path": [
								"api",
								"items",
								"add"
							]
						}
					},
					"response": []
				},
				{
					"name": "Fetch Item",
					"protocolProfileBehavior": {
						"disableBodyPruning": true
					},
					"request": {
						"auth": {
							"type": "bearer",
							"bearer": [
								{
									"key": "token",
									"value": "{{AccessToken}}",
									"type": "string"
								}
							]
						},
						"method": "GET",
						"header": [],
						"body": {
							"mode": "urlencoded",
							"urlencoded": [
								{
									"key": "name",
									"value": "RTX 3060",
									"type": "text"
								},
								{
									"key": "description",
									"value": "This is GPU Card",
									"type": "text"
								},
								{
									"key": "price",
									"value": "3000000",
									"type": "text"
								},
								{
									"key": "stock",
									"value": "2",
									"type": "text"
								},
								{
									"key": "category",
									"value": "GPU",
									"type": "text"
								},
								{
									"key": "brand",
									"value": "MSI",
									"type": "text"
								}
							]
						},
						"url": {
							"raw": "{{HOST}}/api/items/",
							"host": [
								"{{HOST}}"
							],
							"path": [
								"api",
								"items",
								""
							]
						}
					},
					"response": []
				},
				{
					"name": "Get Item",
					"protocolProfileBehavior": {
						"disableBodyPruning": true
					},
					"request": {
						"auth": {
							"type": "bearer",
							"bearer": [
								{
									"key": "token",
									"value": "{{AccessToken}}",
									"type": "string"
								}
							]
						},
						"method": "GET",
						"header": [],
						"body": {
							"mode": "urlencoded",
							"urlencoded": [
								{
									"key": "name",
									"value": "RTX 3060",
									"type": "text"
								},
								{
									"key": "description",
									"value": "This is GPU Card",
									"type": "text"
								},
								{
									"key": "price",
									"value": "3000000",
									"type": "text"
								},
								{
									"key": "stock",
									"value": "2",
									"type": "text"
								},
								{
									"key": "category",
									"value": "GPU",
									"type": "text"
								},
								{
									"key": "brand",
									"value": "MSI",
									"type": "text"
								}
							]
						},
						"url": {
							"raw": "{{HOST}}/api/items/:item_id",
							"host": [
								"{{HOST}}"
							],
							"path": [
								"api",
								"items",
								":item_id"
							],
							"variable": [
								{
									"key": "item_id",
									"value": "652ce03373ff93057872c5e7"
								}
							]
						}
					},
					"response": []
				},
				{
					"name": "Update Item",
					"request": {
						"auth": {
							"type": "bearer",
							"bearer": [
								{
									"key": "token",
									"value": "{{AccessToken}}",
									"type": "string"
								}
							]
						},
						"method": "PUT",
						"header": [],
						"body": {
							"mode": "urlencoded",
							"urlencoded": [
								{
									"key": "name",
									"value": "RTX 3060",
									"type": "text"
								},
								{
									"key": "description",
									"value": "This is GPU Card",
									"type": "text"
								},
								{
									"key": "price",
									"value": "3000000",
									"type": "text"
								},
								{
									"key": "stock",
									"value": "2",
									"type": "text"
								},
								{
									"key": "category",
									"value": "GPU",
									"type": "text"
								},
								{
									"key": "brand",
									"value": "MSI",
									"type": "text"
								}
							]
						},
						"url": {
							"raw": "{{HOST}}/api/items/update/:item_id",
							"host": [
								"{{HOST}}"
							],
							"path": [
								"api",
								"items",
								"update",
								":item_id"
							],
							"variable": [
								{
									"key": "item_id",
									"value": "652ca8e72b1d09b741e8d93b"
								}
							]
						}
					},
					"response": []
				},
				{
					"name": "Delete Item",
					"request": {
						"method": "DELETE",
						"header": [],
						"url": {
							"raw": "{{HOST}}/api/items/delete/:item_id",
							"host": [
								"{{HOST}}"
							],
							"path": [
								"api",
								"items",
								"delete",
								":item_id"
							],
							"variable": [
								{
									"key": "item_id",
									"value": "652ca8e72b1d09b741e8d93b"
								}
							]
						}
					},
					"response": []
				},
				{
					"name": "Add Promo Item",
					"request": {
						"auth": {
							"type": "bearer",
							"bearer": [
								{
									"key": "token",
									"value": "{{AccessToken}}",
									"type": "string"
								}
							]
						},
						"method": "PUT",
						"header": [],
						"body": {
							"mode": "urlencoded",
							"urlencoded": [
								{
									"key": "promo_price",
									"value": "3500000",
									"type": "text"
								},
								{
									"key": "start_date",
									"value": "2023-10-16",
									"type": "text"
								},
								{
									"key": "end_date",
									"value": "2023-10-17",
									"type": "text"
								}
							]
						},
						"url": {
							"raw": "{{HOST}}/api/items/promo/add/:item_id",
							"host": [
								"{{HOST}}"
							],
							"path": [
								"api",
								"items",
								"promo",
								"add",
								":item_id"
							],
							"variable": [
								{
									"key": "item_id",
									"value": "652ce03373ff93057872c5e7"
								}
							]
						}
					},
					"response": []
				},
				{
					"name": "Delete Promo",
					"request": {
						"auth": {
							"type": "bearer",
							"bearer": [
								{
									"key": "token",
									"value": "{{AccessToken}}",
									"type": "string"
								}
							]
						},
						"method": "DELETE",
						"header": [],
						"url": {
							"raw": "{{HOST}}/api/items/promo/delete/:item_id",
							"host": [
								"{{HOST}}"
							],
							"path": [
								"api",
								"items",
								"promo",
								"delete",
								":item_id"
							],
							"variable": [
								{
									"key": "item_id",
									"value": "652ce03373ff93057872c5e7"
								}
							]
						}
					},
					"response": []
				}
			]
		},
		{
			"name": "Register",
			"request": {
				"method": "POST",
				"header": [],
				"body": {
					"mode": "urlencoded",
					"urlencoded": [
						{
							"key": "name",
							"value": "sakul",
							"type": "text"
						},
						{
							"key": "email",
							"value": "sakul@gmail.com",
							"type": "text"
						},
						{
							"key": "address",
							"value": "Ngagel",
							"type": "text"
						},
						{
							"key": "phone_number",
							"value": "081234567891",
							"type": "text"
						},
						{
							"key": "password",
							"value": "123456",
							"type": "text"
						},
						{
							"key": "confirm_password",
							"value": "123456",
							"type": "text"
						}
					]
				},
				"url": {
					"raw": "{{HOST}}/api/users/register",
					"host": [
						"{{HOST}}"
					],
					"path": [
						"api",
						"users",
						"register"
					]
				}
			},
			"response": []
		},
		{
			"name": "Login Admin",
			"request": {
				"auth": {
					"type": "bearer",
					"bearer": [
						{
							"key": "token",
							"value": "",
							"type": "string"
						}
					]
				},
				"method": "POST",
				"header": [],
				"body": {
					"mode": "urlencoded",
					"urlencoded": [
						{
							"key": "email",
							"value": "admin@gmail.com",
							"type": "text"
						},
						{
							"key": "password",
							"value": "admin1",
							"type": "text"
						}
					]
				},
				"url": {
					"raw": "{{HOST}}/api/users/login",
					"host": [
						"{{HOST}}"
					],
					"path": [
						"api",
						"users",
						"login"
					]
				}
			},
			"response": []
		},
		{
			"name": "Login User",
			"request": {
				"auth": {
					"type": "bearer",
					"bearer": [
						{
							"key": "token",
							"value": "",
							"type": "string"
						}
					]
				},
				"method": "POST",
				"header": [],
				"body": {
					"mode": "urlencoded",
					"urlencoded": [
						{
							"key": "email",
							"value": "ryk@gmail.com",
							"type": "text"
						},
						{
							"key": "password",
							"value": "123456",
							"type": "text"
						}
					]
				},
				"url": {
					"raw": "{{HOST}}/api/users/login",
					"host": [
						"{{HOST}}"
					],
					"path": [
						"api",
						"users",
						"login"
					]
				}
			},
			"response": []
		}
	]
}